activity_date,spx_close,spx_return
2025-12-22,6878.490234375,
2025-12-23,6909.7900390625,0.004550388765703239
2025-12-24,6932.0498046875,0.0032214822012188726
2025-12-26,6929.93994140625,-0.00030436354912266594
2025-12-29,6905.740234375,-0.00349205148036813
2025-12-30,6896.240234375,-0.0013756671519022934
2025-12-31,6845.5,-0.007357666300846111
2026-01-02,6858.47021484375,0.0018947067188299638
2026-01-05,6902.0498046875,0.006354126864826393
2026-01-06,6944.81982421875,0.006196712678341321
2026-01-07,6920.93017578125,-0.003439923431013958
2026-01-08,6921.4599609375,7.65482590914246e-05
2026-01-09,6966.27978515625,0.006475487031883276
2026-01-12,6977.27001953125,0.001577633215136931
2026-01-13,6963.740234375,-0.0019391230550597216
2026-01-14,6926.60009765625,-0.005333360445499591
2026-01-15,6944.47021484375,0.0025799262171273263
2026-01-16,6940.009765625,-0.0006423023039563436
2026-01-20,6796.85986328125,-0.02062675805627745
2026-01-21,6875.6201171875,0.011587741323274559
2026-01-22,6913.35009765625,0.005487502192628835
2026-01-23,6915.60986328125,0.0003268698377891788
2026-01-26,6950.22998046875,0.005006083031276365
2026-01-27,6978.60009765625,0.004081896177137168
2026-01-28,6978.02978515625,-8.172305219089626e-05
2026-01-29,6969.009765625,-0.001292631274007694
2026-01-30,6939.02978515625,-0.004301899620894223
2026-02-02,6976.43994140625,0.00539126612916796
2026-02-03,6917.81005859375,-0.008403983020698336
2026-02-04,6882.72021484375,-0.005072391906223106
2026-02-05,6798.39990234375,-0.012251015567674717
2026-02-06,6932.2998046875,0.0196957966973359
2026-02-09,6964.81982421875,0.004691086716887227
2026-02-10,6941.81005859375,-0.003303712975458173
2026-02-11,6941.47021484375,-4.895607156218951e-05
2026-02-12,6832.759765625,-0.01566101212770199
2026-02-13,6836.169921875,0.0004990891480125548
2026-02-17,6843.22021484375,0.0010313220779065713
2026-02-18,6881.31005859375,0.005566070147410729
2026-02-19,6861.89013671875,-0.0028221256867719813
2026-02-20,6909.509765625,0.006939724763506794
2026-02-23,6837.75,-0.010385652247284827
2026-02-24,6890.06982421875,0.0076516140863223114
2026-02-25,6946.1298828125,0.008136355657339944
2026-02-26,6908.85986328125,-0.005365580569328343
2026-02-27,6878.8798828125,-0.00433935281103115
2026-03-02,6881.6201171875,0.0003983547353176853
2026-03-03,6816.6298828125,-0.009444031095625416
2026-03-04,6869.5,0.007756049264286302
2026-03-05,6830.7099609375,-0.005646704863891072
2026-03-06,6740.02001953125,-0.013276795812569242
2026-03-09,6795.990234375,0.008304161513105202
2026-03-10,6781.47998046875,-0.0021351198877325173
2026-03-11,6775.7998046875,-0.0008376012017449197
2026-03-12,6672.6201171875,-0.015227676506708532
2026-03-13,6632.18994140625,-0.006059115470564369
2026-03-16,6699.3798828125,0.010130883162251969
2026-03-17,6716.08984375,0.0024942548757938
2026-03-18,6624.7001953125,-0.013607567880073446
2026-03-19,6606.490234375,-0.002748797741878972
2026-03-20,6506.47998046875,-0.015138182356779217
2026-03-23,6581.0,0.011453200463990454
2026-03-24,6556.3701171875,-0.0037425745042546366
2026-03-25,6591.89990234375,0.005419124381509377
2026-03-26,6477.16015625,-0.017406172392416708
2026-03-27,6368.85009765625,-0.01672184352107431
2026-03-30,6343.72021484375,-0.003945748828622642
2026-03-31,6528.52001953125,0.02913114047102594
2026-04-01,6575.31982421875,0.007168516684867399
2026-04-02,6582.68994140625,0.0011208758485563575
2026-04-06,6611.830078125,0.0044267825126402816
2026-04-07,6616.85009765625,0.0007592481161695641
2026-04-08,6782.81005859375,0.025081414644149813
2026-04-09,6824.66015625,0.006170023529293189
2026-04-10,6816.89013671875,-0.0011385210916523558
2026-04-13,6886.240234375,0.010173274948748201
2026-04-14,6967.3798828125,0.011782866364792755
2026-04-15,7022.9501953125,0.007975783355387733
2026-04-16,7041.27978515625,0.0026099558353673835
2026-04-17,7126.06005859375,0.012040463669150903
2026-04-20,7109.14013671875,-0.002374372617670484
2026-04-21,7064.009765625,-0.006348217959672997
2026-04-22,7137.89990234375,0.010460084168953943
2026-04-23,7108.39990234375,-0.004132868267081369
2026-04-24,7165.080078125,0.007973689797975636
2026-04-27,7173.91015625,0.0012323767534654362
2026-04-28,7138.7998046875,-0.004894172187521972
2026-04-29,7135.9501953125,-0.0003991720531409948
2026-04-30,7209.009765625,0.010238239941821936
2026-05-01,7230.1201171875,0.002928328889657106
2026-05-04,7200.75,-0.004062189384334225
2026-05-05,7259.22021484375,0.008120017337603702
2026-05-06,7365.1201171875,0.014588330317794274
2026-05-07,7337.10986328125,-0.003803095327784889
2026-05-08,7398.93017578125,0.008425703533400997
2026-05-11,7412.83984375,0.0018799566475542484
2026-05-12,7400.9599609375,-0.0016026088601545085
2026-05-13,7444.25,0.005849246488426552
2026-05-14,7501.240234375,0.007655604577358366
2026-05-15,7408.5,-0.012363320128051747
2026-05-18,7403.0498046875,-0.0007356678561787344
2026-05-19,7353.60986328125,-0.006678320788135905
2026-05-20,7432.97021484375,0.010792026370445518
2026-05-21,7445.72021484375,0.0017153304306989359
2026-05-22,7473.47021484375,0.0037269732409066503
2026-05-26,7519.1201171875,0.006108260424063872
2026-05-27,7520.35986328125,0.00016487914469087706
2026-05-28,7563.6298828125,0.005753716619668614
2026-05-29,7580.06005859375,0.002172260678511728
2026-06-01,7599.9599609375,0.0026252961308912415
2026-06-02,7609.77978515625,0.0012920889411551784
2026-06-03,7553.68017578125,-0.007372041104846239
2026-06-04,7584.31005859375,0.004054961568363158
2026-06-05,7383.740234375,-0.026445361894386843
2026-06-08,7405.72998046875,0.0029781310549599205
2026-06-09,7386.64990234375,-0.0025763939780845124
2026-06-10,7266.990234375,-0.016199450298948426
2026-06-11,7394.2998046875,0.017518885564244746
2026-06-12,7431.4599609375,0.0050255138730570525
2026-06-15,7554.2900390625,0.016528391294663436
2026-06-16,7511.35009765625,-0.005684179609759754
2026-06-17,7420.10009765625,-0.012148282108228825
2026-06-18,7500.580078125,0.010846212235623431
2026-06-22,7472.7900390625,-0.003705051979052687
2026-06-23,7365.4599609375,-0.014362785193208105
2026-06-24,7358.22021484375,-0.0009829319733113406
2026-06-25,7357.490234375,-9.92061187945481e-05
2026-06-26,7354.02001953125,-0.00047165741757115853
2026-06-29,7440.43017578125,0.011750057250389023
2026-06-30,7499.35986328125,0.007920198981480553
2026-07-01,7483.22998046875,-0.0021508346187620875
2026-07-02,7483.240234375,1.3702513856905796e-06
2026-07-06,7537.43017578125,0.00724150765029874
2026-07-07,7503.85009765625,-0.0044551096782159405
2026-07-08,7482.7099609375,-0.002817238676629863
2026-07-09,7543.64013671875,0.008142795337428232
2026-07-10,7575.39013671875,0.004208843399813977
2026-07-13,7515.33984375,-0.007927023147980106
2026-07-14,7543.58984375,0.0037589783811964317
2026-07-15,7572.39990234375,0.003819144358387927
2026-07-16,7533.77001953125,-0.005101405539945647
2026-07-17,7457.68994140625,-0.010098540030789804
2026-07-20,7443.27978515625,-0.0019322546744660052
2026-07-21,7509.2001953125,0.008856366018608064
2026-07-22,7498.9599609375,-0.0013636917526039793
2026-07-23,7408.2998046875,-0.012089697334330851
2026-07-24,7411.97998046875,0.0004967638835191579
2026-07-27,7413.18017578125,0.0001619264104413265
2026-07-28,7428.77978515625,0.002104307328987254
2026-07-29,7316.14990234375,-0.015161289750108109
2026-07-30,7437.6298828125,0.016604359135647728
2026-07-31,7489.72021484375,0.00700361981598796
