activity_date,vix_open,vix_high,vix_low,vix_close,vix_change
2025-12-22,15.15999984741211,15.260000228881836,14.029999732971191,14.079999923706055,
2025-12-23,14.09000015258789,14.449999809265137,13.640000343322754,14.0,-0.07999992370605469
2025-12-24,14.09000015258789,14.15999984741211,13.380000114440918,13.470000267028809,-0.5299997329711914
2025-12-26,14.119999885559082,14.289999961853027,13.520000457763672,13.600000381469727,0.13000011444091797
2025-12-29,14.6899995803833,15.079999923706055,13.989999771118164,14.199999809265137,0.5999994277954102
2025-12-30,14.430000305175781,14.619999885559082,14.039999961853027,14.329999923706055,0.13000011444091797
2025-12-31,14.770000457763672,15.170000076293945,14.380000114440918,14.949999809265137,0.619999885559082
2026-01-02,14.850000381469727,15.420000076293945,14.460000038146973,14.510000228881836,-0.4399995803833008
2026-01-05,15.140000343322754,15.270000457763672,14.649999618530273,14.899999618530273,0.3899993896484375
2026-01-06,15.0,15.210000038146973,14.630000114440918,14.75,-0.14999961853027344
2026-01-07,14.949999809265137,15.479999542236328,14.829999923706055,15.380000114440918,0.630000114440918
2026-01-08,15.6899995803833,15.850000381469727,15.149999618530273,15.449999809265137,0.06999969482421875
2026-01-09,15.680000305175781,15.8100004196167,14.430000305175781,14.489999771118164,-0.9600000381469727
2026-01-12,16.059999465942383,16.65999984741211,15.029999732971191,15.119999885559082,0.630000114440918
2026-01-13,15.359999656677246,16.5,14.75,15.979999542236328,0.8599996566772461
2026-01-14,16.329999923706055,18.100000381469727,16.219999313354492,16.75,0.7700004577636719
2026-01-15,16.520000457763672,16.540000915527344,15.300000190734863,15.84000015258789,-0.9099998474121094
2026-01-16,15.4399995803833,16.290000915527344,15.300000190734863,15.859999656677246,0.01999950408935547
2026-01-20,19.940000534057617,20.989999771118164,18.639999389648438,20.09000015258789,4.2300004959106445
2026-01-21,19.309999465942383,20.809999465942383,16.670000076293945,16.899999618530273,-3.190000534057617
2026-01-22,16.649999618530273,16.670000076293945,15.270000457763672,15.640000343322754,-1.2599992752075195
2026-01-23,15.680000305175781,16.209999084472656,15.300000190734863,16.09000015258789,0.4499998092651367
2026-01-26,16.899999618530273,17.389999389648438,15.800000190734863,16.149999618530273,0.05999946594238281
2026-01-27,16.020000457763672,16.3700008392334,15.739999771118164,16.350000381469727,0.20000076293945312
2026-01-28,16.09000015258789,17.18000030517578,16.049999237060547,16.350000381469727,0.0
2026-01-29,16.040000915527344,19.739999771118164,16.020000457763672,16.8799991607666,0.529998779296875
2026-01-30,18.719999313354492,19.270000457763672,16.670000076293945,17.440000534057617,0.5600013732910156
2026-02-02,19.950000762939453,19.959999084472656,16.079999923706055,16.34000015258789,-1.1000003814697266
2026-02-03,16.15999984741211,20.3700008392334,16.049999237060547,18.0,1.6599998474121094
2026-02-04,17.6299991607666,21.239999771118164,17.469999313354492,18.639999389648438,0.6399993896484375
2026-02-05,19.239999771118164,23.100000381469727,19.059999465942383,21.770000457763672,3.1300010681152344
2026-02-06,21.239999771118164,21.489999771118164,19.989999771118164,20.3700008392334,-1.3999996185302734
2026-02-09,17.950000762939453,19.200000762939453,16.899999618530273,17.360000610351562,-3.010000228881836
2026-02-10,17.469999313354492,17.969999313354492,17.139999389648438,17.790000915527344,0.43000030517578125
2026-02-11,17.8700008392334,18.959999084472656,16.75,17.649999618530273,-0.1400012969970703
2026-02-12,17.440000534057617,21.209999084472656,17.079999923706055,20.81999969482422,3.1700000762939453
2026-02-13,21.479999542236328,22.399999618530273,18.920000076293945,20.600000381469727,-0.2199993133544922
2026-02-17,21.739999771118164,22.959999084472656,19.760000228881836,20.290000915527344,-0.3099994659423828
2026-02-18,19.780000686645508,20.34000015258789,18.479999542236328,19.6200008392334,-0.6700000762939453
2026-02-19,19.34000015258789,21.110000610351562,19.229999542236328,20.229999542236328,0.6099987030029297
2026-02-20,20.040000915527344,21.209999084472656,18.760000228881836,19.09000015258789,-1.1399993896484375
2026-02-23,20.489999771118164,22.040000915527344,19.5,21.010000228881836,1.9200000762939453
2026-02-24,21.239999771118164,22.079999923706055,19.229999542236328,19.549999237060547,-1.460000991821289
2026-02-25,19.59000015258789,19.6200008392334,17.860000610351562,17.93000030517578,-1.6199989318847656
2026-02-26,18.06999969482422,20.540000915527344,17.5,18.6299991607666,0.6999988555908203
2026-02-27,19.280000686645508,21.739999771118164,18.770000457763672,19.860000610351562,1.230001449584961
2026-03-02,24.65999984741211,25.239999771118164,20.3700008392334,21.440000534057617,1.5799999237060547
2026-03-03,24.56999969482422,28.149999618530273,22.18000030517578,23.56999969482422,2.1299991607666016
2026-03-04,24.389999389648438,24.8700008392334,20.399999618530273,21.149999618530273,-2.4200000762939453
2026-03-05,22.110000610351562,25.84000015258789,20.549999237060547,23.75,2.6000003814697266
2026-03-06,23.200000762939453,29.93000030517578,22.920000076293945,29.489999771118164,5.739999771118164
2026-03-09,35.119998931884766,35.29999923706055,24.760000228881836,25.5,-3.989999771118164
2026-03-10,24.389999389648438,26.010000228881836,22.190000534057617,24.93000030517578,-0.5699996948242188
2026-03-11,24.899999618530273,26.229999542236328,23.75,24.229999542236328,-0.7000007629394531
2026-03-12,25.479999542236328,27.329999923706055,24.600000381469727,27.290000915527344,3.0600013732910156
2026-03-13,27.850000381469727,28.469999313354492,24.670000076293945,27.190000534057617,-0.10000038146972656
2026-03-16,25.8799991607666,26.420000076293945,23.229999542236328,23.510000228881836,-3.6800003051757812
2026-03-17,24.559999465942383,24.579999923706055,21.8700008392334,22.3700008392334,-1.1399993896484375
2026-03-18,21.510000228881836,25.1299991607666,21.469999313354492,25.09000015258789,2.719999313354492
2026-03-19,25.600000381469727,27.520000457763672,23.540000915527344,24.059999465942383,-1.0300006866455078
2026-03-20,24.459999084472656,29.280000686645508,23.68000030517578,26.780000686645508,2.720001220703125
2026-03-23,30.040000915527344,31.040000915527344,20.280000686645508,26.149999618530273,-0.6300010681152344
2026-03-24,25.90999984741211,27.940000534057617,25.639999389648438,26.950000762939453,0.8000011444091797
2026-03-25,25.790000915527344,26.670000076293945,24.81999969482422,25.329999923706055,-1.6200008392333984
2026-03-26,26.489999771118164,28.489999771118164,26.1200008392334,27.440000534057617,2.1100006103515625
2026-03-27,27.540000915527344,31.649999618530273,27.540000915527344,31.049999237060547,3.6099987030029297
2026-03-30,30.790000915527344,31.520000457763672,29.329999923706055,30.610000610351562,-0.4399986267089844
2026-03-31,29.530000686645508,29.639999389648438,25.079999923706055,25.25,-5.3600006103515625
2026-04-01,24.299999237060547,25.350000381469727,23.5,24.540000915527344,-0.7099990844726562
2026-04-02,26.780000686645508,27.889999389648438,23.8700008392334,23.8700008392334,-0.6700000762939453
2026-04-06,24.93000030517578,25.299999237060547,23.780000686645508,24.170000076293945,0.2999992370605469
2026-04-07,25.09000015258789,28.0,24.34000015258789,25.780000686645508,1.6100006103515625
2026-04-08,20.969999313354492,22.170000076293945,19.90999984741211,21.040000915527344,-4.739999771118164
2026-04-09,21.25,21.6299991607666,19.450000762939453,19.489999771118164,-1.5500011444091797
2026-04-10,19.709999084472656,20.280000686645508,18.829999923706055,19.229999542236328,-0.26000022888183594
2026-04-13,21.170000076293945,21.579999923706055,18.959999084472656,19.1200008392334,-0.10999870300292969
2026-04-14,18.729999542236328,18.760000228881836,17.889999389648438,18.360000610351562,-0.7600002288818359
2026-04-15,18.18000030517578,18.5,17.399999618530273,18.170000076293945,-0.1900005340576172
2026-04-16,18.040000915527344,19.09000015258789,17.760000228881836,17.940000534057617,-0.22999954223632812
2026-04-17,18.18000030517578,18.239999771118164,16.8700008392334,17.479999542236328,-0.46000099182128906
2026-04-20,19.579999923706055,19.989999771118164,18.770000457763672,18.8700008392334,1.3900012969970703
2026-04-21,19.18000030517578,20.850000381469727,18.75,19.5,0.6299991607666016
2026-04-22,19.030000686645508,19.540000915527344,18.68000030517578,18.920000076293945,-0.5799999237060547
2026-04-23,19.420000076293945,21.559999465942383,18.700000762939453,19.309999465942383,0.3899993896484375
2026-04-24,18.889999389648438,19.350000381469727,18.459999084472656,18.709999084472656,-0.6000003814697266
2026-04-27,19.209999084472656,19.270000457763672,18.020000457763672,18.020000457763672,-0.6899986267089844
2026-04-28,18.299999237060547,19.43000030517578,17.780000686645508,17.829999923706055,-0.1900005340576172
2026-04-29,17.829999923706055,19.0,17.809999465942383,18.809999465942383,0.9799995422363281
2026-04-30,18.68000030517578,18.729999542236328,16.8700008392334,16.889999389648438,-1.9200000762939453
2026-05-01,17.010000228881836,17.389999389648438,16.440000534057617,16.989999771118164,0.10000038146972656
2026-05-04,17.3799991607666,19.079999923706055,17.149999618530273,18.290000915527344,1.3000011444091797
2026-05-05,17.950000762939453,18.020000457763672,17.200000762939453,17.3799991607666,-0.9100017547607422
2026-05-06,17.149999618530273,17.459999084472656,16.18000030517578,17.389999389648438,0.010000228881835938
2026-05-07,17.530000686645508,17.600000381469727,16.850000381469727,17.079999923706055,-0.3099994659423828
2026-05-08,17.3700008392334,17.530000686645508,16.81999969482422,17.190000534057617,0.1100006103515625
2026-05-11,18.209999084472656,18.469999313354492,17.899999618530273,18.3799991607666,1.1899986267089844
2026-05-12,18.770000457763672,19.100000381469727,17.920000076293945,17.989999771118164,-0.3899993896484375
2026-05-13,17.979999542236328,18.399999618530273,17.760000228881836,17.8700008392334,-0.11999893188476562
2026-05-14,17.860000610351562,18.079999923706055,17.200000762939453,17.260000228881836,-0.6100006103515625
2026-05-15,18.06999969482422,19.270000457763672,17.799999237060547,18.43000030517578,1.1700000762939453
2026-05-18,19.25,19.440000534057617,17.700000762939453,17.81999969482422,-0.6100006103515625
2026-05-19,18.010000228881836,18.360000610351562,17.65999984741211,18.059999465942383,0.23999977111816406
2026-05-20,18.170000076293945,18.18000030517578,17.1299991607666,17.440000534057617,-0.6199989318847656
2026-05-21,17.579999923706055,17.8700008392334,16.600000381469727,16.760000228881836,-0.6800003051757812
2026-05-22,16.829999923706055,17.389999389648438,16.459999084472656,16.700000762939453,-0.05999946594238281
2026-05-25,16.809999465942383,16.8700008392334,16.530000686645508,16.59000015258789,-0.1100006103515625
2026-05-26,16.920000076293945,17.229999542236328,16.559999465942383,17.010000228881836,0.4200000762939453
2026-05-27,17.010000228881836,17.18000030517578,16.290000915527344,16.290000915527344,-0.7199993133544922
2026-05-28,16.760000228881836,16.850000381469727,15.609999656677246,15.739999771118164,-0.5500011444091797
2026-05-29,15.8100004196167,15.880000114440918,15.220000267028809,15.319999694824219,-0.4200000762939453
2026-06-01,15.880000114440918,16.34000015258789,15.710000038146973,16.049999237060547,0.7299995422363281
2026-06-02,16.280000686645508,16.290000915527344,15.710000038146973,15.770000457763672,-0.279998779296875
2026-06-03,15.970000267028809,16.6299991607666,15.9399995803833,16.059999465942383,0.28999900817871094
2026-06-04,16.329999923706055,16.799999237060547,15.180000305175781,15.399999618530273,-0.6599998474121094
2026-06-05,15.869999885559082,21.56999969482422,15.5600004196167,21.510000228881836,6.1100006103515625
2026-06-08,20.290000915527344,20.350000381469727,17.940000534057617,18.920000076293945,-2.5900001525878906
2026-06-09,18.190000534057617,23.34000015258789,17.520000457763672,19.8700008392334,0.9500007629394531
2026-06-10,20.100000381469727,22.65999984741211,20.059999465942383,22.219999313354492,2.3499984741210938
2026-06-11,21.25,22.59000015258789,19.360000610351562,19.440000534057617,-2.779998779296875
2026-06-12,19.510000228881836,19.850000381469727,17.59000015258789,17.68000030517578,-1.760000228881836
2026-06-15,16.780000686645508,16.850000381469727,15.979999542236328,16.200000762939453,-1.4799995422363281
2026-06-16,16.200000762939453,16.440000534057617,15.770000457763672,16.40999984741211,0.20999908447265625
2026-06-17,16.079999923706055,18.84000015258789,16.020000457763672,18.440000534057617,2.030000686645508
2026-06-18,17.229999542236328,17.600000381469727,16.350000381469727,16.399999618530273,-2.0400009155273438
2026-06-22,17.479999542236328,17.920000076293945,16.489999771118164,17.280000686645508,0.8800010681152344
2026-06-23,19.670000076293945,20.540000915527344,18.610000610351562,19.489999771118164,2.2099990844726562
2026-06-24,19.1299991607666,20.34000015258789,18.040000915527344,18.6299991607666,-0.8600006103515625
2026-06-25,18.110000610351562,19.950000762939453,17.719999313354492,18.889999389648438,0.26000022888183594
2026-06-26,19.700000762939453,20.719999313354492,18.200000762939453,18.40999984741211,-0.4799995422363281
2026-06-29,18.600000381469727,19.450000762939453,17.489999771118164,17.649999618530273,-0.7600002288818359
2026-06-30,17.540000915527344,17.75,16.270000457763672,16.450000762939453,-1.1999988555908203
2026-07-01,17.110000610351562,17.299999237060547,15.970000267028809,16.59000015258789,0.1399993896484375
2026-07-02,17.049999237060547,17.209999084472656,15.789999961853027,16.149999618530273,-0.4400005340576172
2026-07-06,16.399999618530273,16.5,15.5600004196167,15.56999969482422,-0.5799999237060529
2026-07-07,15.869999885559082,16.639999389648438,15.529999732971191,16.1299991607666,0.559999465942381
2026-07-08,16.549999237060547,18.90999984741211,16.350000381469727,16.899999618530273,0.7700004577636719
2026-07-09,16.579999923706055,17.270000457763672,15.760000228881836,15.84000015258789,-1.0599994659423828
2026-07-10,16.059999465942383,16.15999984741211,14.960000038146973,15.029999732971191,-0.8100004196166992
2026-07-13,16.31999969482422,17.40999984741211,16.030000686645508,17.15999984741211,2.130000114440918
2026-07-14,17.209999084472656,17.559999465942383,16.149999618530273,16.5,-0.6599998474121094
2026-07-15,16.200000762939453,16.56999969482422,15.640000343322754,15.670000076293944,-0.8299999237060565
2026-07-16,15.81999969482422,17.229999542236328,15.770000457763672,16.729999542236328,1.0599994659423846
2026-07-17,18.010000228881836,19.5,17.68000030517578,18.770000457763672,2.0400009155273438
2026-07-20,18.89999961853028,18.940000534057617,17.40999984741211,18.64999961853028,-0.12000083923339133
2026-07-21,17.479999542236328,17.989999771118164,16.860000610351562,17.049999237060547,-1.6000003814697337
2026-07-22,17.420000076293945,19.489999771118164,16.639999389648438,16.639999389648438,-0.4099998474121094
2026-07-23,17.670000076293945,20.309999465942383,17.31999969482422,18.700000762939453,2.0600013732910156
2026-07-24,18.959999084472656,19.049999237060547,17.40999984741211,18.57999992370605,-0.12000083923340199
2026-07-27,17.6200008392334,19.93000030517578,17.530000686645508,18.670000076293945,0.09000015258789418
2026-07-28,19.049999237060547,19.520000457763672,17.8799991607666,18.209999084472656,-0.46000099182128906
2026-07-29,18.270000457763672,20.8799991607666,17.450000762939453,20.65999984741211,2.450000762939453
2026-07-30,19.559999465942383,20.07999992370605,17.0,17.09000015258789,-3.5699996948242188
2026-07-31,16.81999969482422,18.700000762939453,15.81999969482422,15.989999771118164,-1.1000003814697266
